0,no,mating,
1,yes,fence,
2,no,enterprise,
3,no,window,
4,no,handmade,
5,yes,berry,
6,yes,mesh,
7,no,diving,
8,no,ordered,
9,no,instruments,
10,no,stationery,
11,yes,tiles,
12,no,toolbox,
13,no,juvenile,
14,no,female,
15,no,belts,
16,no,window,
17,yes,corn,
18,yes,mesh,
19,yes,birds,
20,no,reprints,
21,yes,orange,
22,no,birds,
23,no,regard,
24,no,landing,
25,yes,tournament,
26,yes,fence,
27,yes,organ,
28,no,belts,
29,no,keyboard,
30,no,knitting,
31,maybe,seafood,
32,yes,yellow,
33,no,habitat,
34,no,ordered,
35,no,led,
36,no,duck,
37,no,finished,
38,yes,lines,
39,no,screens,
40,no,crossword,
41,no,keyboard,
42,no,web,
43,yes,vintage,
44,no,mating,
45,no,fence,
46,yes,red,
47,no,produce,
48,no,segments,
49,yes,pattern,
50,no,flying,
51,yes,keyboard,
52,yes,circles,
53,no,blanket,
54,yes,recipe,
55,yes,dog,
56,no,ocean,
57,no,spider,
58,no,web,
59,yes,wire,
60,no,soldiers,
61,no,window,
62,yes,keyboard,
63,no,defend,
64,no,knitting,
65,no,stones,
66,yes,darkness,
67,no,puzzle,
68,no,mesh,
69,no,wholesale,
70,no,purchases,
71,yes,cage,
72,no,fruits,
73,yes,keyboard,
74,no,bottles,
75,no,varieties,
76,no,crossword,
77,no,organ,
78,no,cup,
79,no,bookstore,
80,no,measurements,
81,no,mixer,
82,yes,red,
83,no,cloth,
84,no,corn,
85,no,tapes,
86,no,juvenile,
87,no,annie,
88,yes,habitat,
89,no,stylus,
90,no,cowboy,
91,no,toolkit,
92,no,puzzle,
93,no,screens,
94,no,regard,
95,yes,pattern,
96,no,balloon,
97,no,patterns,
98,yes,mileage,
99,yes,bw,
100,no,keyboard,
101,no,library,
102,maybe,corn,
103,yes,crossword,
104,no,vegetation,
105,yes,bw,
106,no,tires,
107,no,marker,
108,yes,lines,
109,yes,orange,
110,no,head,
111,yes,antiques,
112,no,statute,
113,no,bee,
114,no,female,
115,no,minimal,
116,no,gate,
117,no,mating,
118,no,wildlife,
119,no,led,
120,yes,vendors,
121,no,menu,
122,no,casinos,
123,yes,keyboard,
124,no,instruments,
125,yes,flowers,
126,no,kernel,
127,yes,darkness,
128,no,screen,
129,no,windows,
130,no,fruits,
131,no,tubes,
132,no,wool,
133,yes,dog,
134,no,knitting,
135,yes,menus,
136,no,macro,
137,yes,mesh,
138,yes,habitat,
139,no,segments,
140,no,fruits,
141,no,dog,
142,no,crossword,
143,no,macro,
144,no,exhibits,
145,no,diving,
146,no,reef,
147,yes,corn,
148,no,fruit,
149,no,purse,
150,no,crossword,
151,no,juvenile,
152,no,sold,
153,no,juvenile,
154,yes,purple,
155,no,botswana,
156,no,cherry,
157,no,bailey,
158,no,bedroom,
159,no,keyboard,
160,no,keyboard,
161,no,mating,
162,no,jaguar,
163,no,bathroom,
164,no,knitting,
165,yes,green,
166,no,macro,
167,no,menus,
168,yes,pattern,
169,yes,grid,
170,yes,habitat,
171,no,mating,
172,no,windows,
173,no,habitat,
174,yes,mesh,
175,no,tiles,
176,maybe,white,
177,no,crossword,
178,no,theater,
179,no,manufacturer,
180,no,flying,
181,no,juvenile,
182,no,window,
183,no,coral,
184,no,ears,
185,no,habitat,
186,no,yellow,
187,no,aquarium,
188,no,leone,
189,no,blanket,
190,no,produce,
191,no,aquarium,
192,no,fruits,
193,no,juvenile,
194,yes,shark,
195,yes,fence,
196,maybe,blue,
197,yes,cage,
198,no,male,
199,yes,purple,
200,no,ceiling,
201,no,instruments,
202,maybe,baseball,
203,yes,orange,
204,no,puppy,
205,yes,zoo,
206,yes,mesh,
207,no,sprint,
208,yes,jaguar,
209,no,keyboard,
210,no,lines,
211,no,juvenile,
212,yes,sticks,
213,no,visibility,
214,no,columns,
215,no,memorabilia,
216,no,branches,
217,no,envelope,
218,yes,orange,
219,no,female,
220,yes,collections,
221,no,banner,
222,no,female,
223,no,keyboard,
224,no,corn,
225,no,instruments,
226,no,rug,
227,no,landing,
228,no,corn,
229,no,fruits,
230,no,buttons,
231,no,mating,
232,yes,mesh,
233,no,window,
234,no,juvenile,
235,no,corn,
236,no,mating,
237,no,bee,
238,no,tapes,
239,no,window,
240,yes,red,
241,yes,shark,
242,no,baskets,
243,no,bw,
244,no,mesh,
245,no,cake,
246,yes,wildlife,
247,no,mating,
248,yes,bookstore,
249,yes,blue,
250,no,toolkit,
251,yes,foods,
252,no,appliances,
253,no,food,
254,no,tiles,
255,no,corn,
256,no,jaguar,
257,no,organization,
258,no,key,
259,no,window,
260,no,grounds,
261,no,jaguar,
262,no,corn,
263,no,aquarium,
264,no,tubes,
265,no,wire,
266,no,organ,
267,no,halloween,
268,yes,orange,
269,yes,skiing,
270,yes,architecture,
271,no,pizza,
272,no,female,
273,no,diving,
274,yes,fence,
275,yes,green,
276,no,fly,
277,no,stationery,
278,yes,corn,
279,no,laptops,
280,no,organ,
281,maybe,yellow,
282,yes,window,
283,no,bailey,
284,yes,yellow,
285,yes,scuba,
286,no,lemon,
287,yes,corn,
288,no,pattern,
289,no,juvenile,
290,yes,green,
291,yes,red,
292,no,equipment,
293,no,crossword,
294,yes,baskets,
295,no,threaded,
296,no,female,
297,no,sailing,
298,no,quilt,
299,no,bee,
300,no,speakers,
301,yes,windows,
302,yes,mesh,
303,yes,rug,
304,no,puzzle,
305,yes,zoo,
306,no,epson,
307,no,defend,
308,no,knitting,
309,yes,aquarium,
310,maybe,library,
311,no,wooden,
312,no,theater,
313,no,female,
314,no,niger,
315,no,vehicles,
316,no,keyboard,
317,no,mating,
318,no,ipod,
319,yes,yellow,
320,no,window,
321,no,regard,
322,no,organ,
323,no,prison,
324,no,net,
325,no,red,
326,no,mating,
327,no,pour,
328,no,corn,
329,no,projectors,
330,no,coral,
331,no,juvenile,
332,no,seafood,
333,yes,scuba,
334,no,deck,
335,no,baskets,
336,no,keyboard,
337,no,brochure,
338,no,regard,
339,no,parade,
340,no,fruit,
341,yes,wheat,
342,yes,vendors,
343,no,cage,
344,yes,pink,
345,no,fruits,
346,no,defence,
347,no,juvenile,
348,no,intake,
349,no,rug,
350,no,stylus,
351,maybe,wildlife,
352,yes,dog,
353,yes,foods,
354,no,flowers,
355,no,vendors,
356,no,organized,
357,yes,verde,
358,yes,orange,
359,no,crossword,
360,no,knitting,
361,no,mating,
362,yes,menus,
363,yes,purple,
364,no,website,
365,no,juvenile,
366,no,instrument,
367,no,keyboard,
368,no,blanket,
369,no,web,
370,yes,controls,
371,no,landing,
372,no,sticks,
373,no,theater,
374,no,window,
375,no,grid,
376,no,namibia,
377,maybe,books,
378,no,window,
379,yes,corn,
380,no,caps,
381,no,coral,
382,yes,scuba,
383,no,candle,
384,no,dozen,
385,no,keyboard,
386,yes,harbour,
387,yes,corn,
388,no,net,
389,no,prison,
390,yes,corn,
391,no,prisoners,
392,no,habitat,
393,no,cursor,
394,yes,corn,
395,yes,scuba,
396,no,habitat,
397,no,coral,
398,yes,keyboard,
399,no,prisoner,
400,no,earrings,
401,yes,yellow,
402,no,buttons,
403,yes,duck,
404,no,share,
405,yes,pattern,
406,no,darkness,
407,no,window,
408,no,beaver,
409,no,accessories,
410,yes,window,
411,no,library,
412,yes,red,
413,no,jewellery,
414,no,fig,
415,no,tiles,
416,no,mating,
417,no,barrel,
418,yes,orange,
419,yes,diving,
420,yes,scenic,
421,no,manufacturer,
422,no,toolbar,
423,yes,rug,
424,yes,parade,
425,yes,window,
426,no,defence,
427,no,meters,
428,no,pets,
429,no,prison,
430,no,merchandise,
431,no,bathroom,
432,no,juvenile,
433,no,bolivia,
434,no,appliances,
435,no,cloth,
436,no,fence,
437,no,stationery,
438,no,firmware,
439,yes,crossword,
440,yes,mesh,
441,no,air,
442,no,food,
443,yes,pink,
444,no,mating,
445,no,gates,
446,no,swingers,
447,no,racks,
448,no,atmospheric,
449,no,female,
450,no,ordered,
451,no,chrome,
452,yes,mesh,
453,no,textile,
454,no,female,
455,no,fruits,
456,yes,screen,
457,no,cartridges,
458,no,mating,
459,yes,lawn,
460,no,knitting,
461,yes,grid,
462,no,radios,
463,no,reprints,
464,no,juvenile,
465,no,dozen,
466,yes,mesh,
467,yes,blue,
468,yes,orange,
469,no,recorders,
470,no,gnu,
471,yes,blue,
472,no,fruits,
473,yes,keyboard,
474,no,puzzle,
475,no,boats,
476,yes,darkness,
477,no,customize,
478,no,knitting,
479,yes,pattern,
480,yes,mesh,
481,no,prisoners,
482,no,juvenile,
483,no,roof,
484,no,instruments,
485,no,mileage,
486,yes,yellow,
487,no,juvenile,
488,no,mating,
489,no,coral,
490,yes,bottles,
491,no,kernel,
492,yes,boxes,
493,yes,memorabilia,
494,yes,scuba,
495,yes,spider,
496,no,pens,
497,yes,grid,
498,no,female,
499,yes,mesh,
500,no,mating,
501,yes,homepage,
502,no,toolbox,
503,no,defence,
504,yes,fence,
505,no,tie,
506,yes,desert,
507,no,landing,
508,yes,screens,
509,yes,bw,
510,no,mating,
511,no,fruits,
